"","DCA1","DCA2","DCA3","DCA4"
"Axislength",4.45853835664579,2.25026981881226,1.81797970977006,1.56966861273651
