"","DCA1","DCA2","DCA3","DCA4"
"Axislength",2.72571578940875,1.23061057000194,0.729534638610336,1.18741452540522
