"","DCA1","DCA2","DCA3","DCA4"
"Axislength",3.31776714075282,2.13901027199534,1.54283038390735,1.22333131612548
