"","DCA1","DCA2","DCA3","DCA4"
"Axislength",1.38873017255506,1.10407232077559,0.695981708767292,0.462032787831134
