"","DCA1","DCA2","DCA3","DCA4"
"Axislength",0.456748299566706,0.347216412460588,0.326134279549888,0.304745432661332
