"","DCA1","DCA2","DCA3","DCA4"
"Axislength",2.29934176733797,1.11270632635311,1.12037327995318,0.904733294783852
