"","DCA1","DCA2","DCA3","DCA4"
"Axislength",4.3795612692409,2.01609936758759,1.88317744552891,1.46664530927767
