"","DCA1","DCA2","DCA3","DCA4"
"Axislength",1.84393324204426,1.2912924109859,0.857532813194953,0.889097765464442
