"","DCA1","DCA2","DCA3","DCA4"
"Axislength",1.17402775734809,0.915858107066262,0.527959642826525,0.603958192978635
