"","DCA1","DCA2","DCA3","DCA4"
"Axislength",0.888708584969844,0.64471928227463,0.599757590325955,0.393415030315431
