"","DCA1","DCA2","DCA3","DCA4"
"Axislength",3.39932162912007,1.50258493066913,1.49520870819774,0.787382695733567
