"","DCA1","DCA2","DCA3","DCA4"
"Axislength",0.556777567650129,0.453934828171948,0.356823849127992,0.375123853677522
