"","DCA1","DCA2","DCA3","DCA4"
"Axislength",1.7868596614838,0.683981710050269,0.547558917105033,0.577222346957281
